zone_id,avg_rainfall_mm,flood_incidents_per_year,avg_aqi,curfew_days_per_year,hub_closure_days,avg_temp_peak,risk_cluster,risk_label,risk_map_score
ZONE_000,686.9021545015712,5,313.34109201358797,1,13,47.56123635947057,0,Low Risk,47.3
ZONE_001,1435.928598332891,14,297.44316143521064,7,3,43.87979432736012,1,High Risk,85.7
ZONE_002,1151.5921243548266,0,322.5001786677629,7,0,37.94511860629376,1,High Risk,53.2
ZONE_003,978.2560294561475,8,100.09479494196437,0,17,34.7955494312377,2,Medium Risk,40.5
ZONE_004,402.82423257516746,0,121.59060760931214,7,12,45.44271400044953,0,Low Risk,25.3
ZONE_005,402.79287643706346,4,299.92242877826493,4,1,38.896955181690316,0,Low Risk,35.9
ZONE_006,275.5086958186593,3,222.89352049580194,1,8,43.16850035738222,0,Low Risk,25.5
ZONE_007,1326.0289895074156,12,314.1223521510408,1,1,43.08215360632328,1,High Risk,73.9
ZONE_008,981.4495152661715,11,86.02061076045075,5,8,28.358913571369836,2,Medium Risk,46.6
ZONE_009,1120.4943511348592,12,237.76847301960817,8,0,30.52507565585227,1,High Risk,64.8
ZONE_010,226.75984258454318,12,182.5875479449205,0,10,41.19258732789484,0,Low Risk,34.9
ZONE_011,1460.8828078105926,13,209.9500767485874,5,2,31.23239622571743,1,High Risk,71.4
ZONE_012,1282.1754330405483,2,261.3852552253794,8,19,33.10986689311209,2,Medium Risk,55.1
ZONE_013,476.040843881759,12,225.80092161188554,7,3,46.93275908399214,0,Low Risk,53.9
ZONE_014,436.3724573692308,5,238.95122298949286,5,17,39.20364516749824,0,Low Risk,36.1
ZONE_015,438.425862809464,1,220.22511869846272,2,5,43.01459013998694,0,Low Risk,27.3
ZONE_016,595.514915847399,2,193.13431197992264,7,2,39.1596147756528,0,Low Risk,34.7
ZONE_017,882.1833611219092,4,320.1586932093858,8,10,39.05027229565451,1,High Risk,54.0
ZONE_018,761.5285242347505,14,54.271075311315585,0,14,29.88303820251396,2,Medium Risk,39.6
ZONE_019,578.5978822574546,8,259.45494542182945,8,4,34.87326385218206,0,Low Risk,46.9
ZONE_020,995.4087631390934,1,247.92792156304085,5,19,33.64861797373023,2,Medium Risk,42.2
ZONE_021,381.34201884765434,9,300.6626761565333,5,9,35.81456731227227,0,Low Risk,43.1
ZONE_022,579.7880430957837,7,259.66027767206424,3,11,43.96688376448657,0,Low Risk,44.9
ZONE_023,676.2703962817992,13,339.3795897331774,0,14,35.4386533583373,0,Low Risk,54.7
ZONE_024,792.8909794821467,1,385.6761780974097,9,16,37.033936384633655,1,High Risk,50.3
ZONE_025,1220.7287498109176,10,169.8834900124902,7,9,35.94762780970633,2,Medium Risk,62.0
ZONE_026,459.5759168058677,12,129.57284406049547,1,5,29.868159439505913,0,Low Risk,33.5
ZONE_027,868.5047699376951,4,198.258901847169,0,17,36.82144316501567,2,Medium Risk,37.5
ZONE_028,970.1389395206552,6,150.77536576650414,1,12,31.9121854608903,2,Medium Risk,39.4
ZONE_029,260.38553653599706,7,265.23259210342906,0,2,31.73446591546083,0,Low Risk,27.5
ZONE_030,989.8083074718699,0,369.14834309503766,0,9,29.880722088685328,1,High Risk,40.4
ZONE_031,421.68136079347903,5,98.69066795007166,8,13,35.13341948283529,2,Medium Risk,28.7
ZONE_032,284.56707088086335,0,85.27811105556027,0,5,43.14963769578834,0,Low Risk,11.9
ZONE_033,1433.5511984293332,1,139.6054361487818,3,2,33.52883381166792,1,High Risk,45.8
ZONE_034,1455.3216429969273,14,304.13345512184026,9,15,34.24698203771027,1,High Risk,83.8
ZONE_035,1250.9165525513995,0,257.5370168405875,5,6,40.85349315344847,1,High Risk,51.6
ZONE_036,595.997899925382,10,85.77443247881985,6,19,31.91681625173838,2,Medium Risk,37.3
ZONE_037,326.973748208299,4,371.5626827912613,1,13,45.93915860847069,0,Low Risk,38.4
ZONE_038,1089.502934465804,9,326.52962299343034,5,8,38.403810465031086,1,High Risk,65.0
ZONE_039,772.1982418614817,14,58.057911675673125,6,14,36.95205880640434,2,Medium Risk,49.7
ZONE_040,358.64970529821244,8,277.9785238458861,9,2,39.156403838584026,0,Low Risk,45.2
ZONE_041,843.7299831446512,5,319.9363339819083,9,1,31.32068626832391,1,High Risk,51.7
ZONE_042,244.70507744978391,10,181.0523794021477,1,1,40.26946277278353,0,Low Risk,32.5
ZONE_043,1382.1165227024167,10,74.12253877852658,1,2,35.26201473268021,1,High Risk,54.5
ZONE_044,536.4139760800219,0,77.06237292107554,9,17,45.94372681929238,2,Medium Risk,28.6
ZONE_045,1061.2789696601767,12,86.48643811813332,6,13,31.377084133553723,2,Medium Risk,53.0
ZONE_046,605.2243989162342,0,344.153871193148,0,19,38.14102207730882,0,Low Risk,32.8
ZONE_047,876.088427531154,1,368.74016938949956,7,17,39.96225258738036,1,High Risk,51.1
ZONE_048,910.7233631462635,8,92.98377364600682,2,9,28.667672035727623,2,Medium Risk,37.3
ZONE_049,440.3107921831852,2,132.56711210827842,5,1,35.273862495122806,0,Low Risk,23.2
ZONE_050,1460.460016093926,14,107.93217862855141,8,0,42.652704694016656,1,High Risk,75.9
ZONE_051,1207.672670369449,0,115.21230782294224,5,3,44.40755014897947,1,High Risk,44.1
ZONE_052,1421.348624033446,4,343.1217761508722,8,13,34.263239896345645,1,High Risk,67.4
ZONE_053,1363.2755555559436,6,166.25124442922862,6,0,43.97186544765503,1,High Risk,61.9
ZONE_054,977.2699724544107,5,159.0054924159744,8,13,47.355117542067774,2,Medium Risk,53.2
ZONE_055,1398.4365055300518,11,129.5884673069894,1,15,45.13747872150188,2,Medium Risk,64.7
ZONE_056,315.04025266749534,0,262.7630378279905,7,13,30.352879763186504,0,Low Risk,23.4
ZONE_057,454.77772114488874,4,182.7569944349421,7,19,42.794606641710814,2,Medium Risk,35.5
ZONE_058,258.7954755836995,14,310.48737814515107,1,2,34.393336648810894,0,Low Risk,44.0
ZONE_059,622.9294299922436,4,121.95293293147313,3,2,47.76831978824153,0,Low Risk,35.0
ZONE_060,705.2804765963266,5,325.7264610500723,6,8,37.70717966319774,0,Low Risk,48.5
ZONE_061,552.7537413060647,2,261.30253610554865,3,5,30.44867796717882,0,Low Risk,29.1
ZONE_062,1277.3587618975082,4,89.99355501949071,3,12,42.503710960547814,2,Medium Risk,48.2
ZONE_063,663.779324701666,6,195.0766044712697,5,1,34.460223967724275,0,Low Risk,39.0
ZONE_064,565.214862593595,4,352.23134921453493,9,7,47.94156314163324,0,Low Risk,52.7
ZONE_065,905.504908105723,4,373.0360811294697,5,1,47.595649157090435,1,High Risk,58.9
ZONE_066,383.20149246719143,4,212.99504281158463,9,3,41.122680360411614,0,Low Risk,36.5
ZONE_067,1242.8560749802516,9,218.29294233117574,2,14,30.596528979034353,2,Medium Risk,56.0
ZONE_068,296.91583678370205,9,371.4591537287554,8,3,41.737219953500585,0,Low Risk,50.8
ZONE_069,1482.9530175806724,2,255.47387844779854,9,12,29.860609729200544,1,High Risk,59.5
ZONE_070,1203.9182000856547,0,61.49633458520342,1,11,28.587283182047848,2,Medium Risk,29.0
ZONE_071,458.33038599442415,4,369.4623120076951,5,12,44.45916892442972,0,Low Risk,45.1
ZONE_072,207.17875226068313,13,136.87925496500316,6,13,32.19505895367362,2,Medium Risk,34.9
ZONE_073,1260.0998569912845,8,252.17118393204152,8,19,35.58054252438195,2,Medium Risk,65.2
ZONE_074,1118.9145470019023,13,107.92966109979083,2,17,47.46914779952346,2,Medium Risk,61.5
ZONE_075,1147.7093184532835,0,61.85770608630824,9,5,34.736810037222064,2,Medium Risk,38.6
ZONE_076,1202.6514506917295,2,159.0156098964651,2,10,33.9297956256663,2,Medium Risk,41.5
ZONE_077,296.2580472543175,12,323.17349764113067,6,1,46.364159992455505,0,Low Risk,53.4
ZONE_078,666.0054471075543,12,147.15551042029634,3,18,30.214968906379163,2,Medium Risk,42.2
ZONE_079,350.62977738266864,3,127.03402492838397,7,18,43.19164820229264,2,Medium Risk,28.1
ZONE_080,1322.0344536382715,13,124.4382745194292,6,4,47.76131133305548,1,High Risk,72.0
ZONE_081,1010.2875648758253,0,230.31078884238443,4,18,46.025920215492974,2,Medium Risk,45.1
ZONE_082,630.167432308444,0,391.4394604889647,6,1,41.03335837412852,0,Low Risk,43.6
ZONE_083,282.6258553718307,7,210.64614580595457,2,9,34.281215899854644,0,Low Risk,28.2
ZONE_084,604.2770182303609,1,245.05687911151676,1,1,33.086439623566335,0,Low Risk,27.2
ZONE_085,622.7383186347711,11,351.2212062617569,5,10,44.385102097429225,0,Low Risk,60.1
ZONE_086,1148.4880318394833,14,237.27440162678053,1,17,45.596438279033904,2,Medium Risk,69.4
ZONE_087,1028.824712761777,7,114.56200499659963,2,14,38.50869825091386,2,Medium Risk,44.9
ZONE_088,1353.3765653492244,6,154.85856911826698,5,8,32.88679881572932,1,High Risk,54.5
ZONE_089,813.8794027105341,9,158.47792419401384,4,18,30.25886416822347,2,Medium Risk,42.9
ZONE_090,355.4725197197922,9,189.06134041015926,7,8,29.743589356636623,0,Low Risk,35.0
ZONE_091,1127.2182233898934,1,199.3761168678623,8,2,42.381548947077114,1,High Risk,50.4
ZONE_092,1189.0205632019665,5,329.9237077259943,2,8,36.4023745569545,1,High Risk,57.2
ZONE_093,929.6603568403451,5,172.28544966726656,9,13,46.10719748555741,2,Medium Risk,53.0
ZONE_094,1202.2573339409291,2,213.88113995448276,2,18,42.79342601453527,2,Medium Risk,49.1
ZONE_095,841.934275273708,10,268.7415954678683,2,6,31.825208358291732,1,High Risk,50.4
ZONE_096,879.5526781965923,1,182.20408160405924,5,15,40.27554837631398,2,Medium Risk,38.7
ZONE_097,755.8033238661145,11,342.7976846523165,0,15,36.71010908796319,0,Low Risk,54.4
ZONE_098,233.04486476732376,0,255.60876148192602,6,0,39.54499461537226,0,Low Risk,24.4
ZONE_099,340.2588550912958,5,152.91563772734003,0,3,42.76138246677034,0,Low Risk,25.4
ZONE_100,240.85794139275453,11,299.9207199264399,4,3,44.123917620075815,0,Low Risk,45.8
ZONE_101,1027.3335346429144,4,234.67670555067505,9,6,44.87474652813449,1,High Risk,56.9
ZONE_102,608.6627753992248,13,237.05956194003642,7,7,33.07949749144049,0,Low Risk,52.9
ZONE_103,861.1418985141136,13,218.38078193565508,3,16,28.622311998347154,2,Medium Risk,52.4
ZONE_104,1379.836416103921,10,223.95418208743715,4,4,42.78589470329546,1,High Risk,69.8
ZONE_105,524.0798978935375,8,317.87469837318423,3,6,30.126874525115493,0,Low Risk,41.4
ZONE_106,733.4977999463187,0,86.04351776596043,3,19,34.29839177225935,2,Medium Risk,22.6
ZONE_107,1182.2164801059632,14,167.02698395866878,7,19,28.076342682486942,2,Medium Risk,63.5
ZONE_108,497.4376151391092,14,76.42617733136123,1,3,41.633389648032406,0,Low Risk,40.7
ZONE_109,300.07388277743087,6,313.63617726160777,0,5,31.342640229424426,0,Low Risk,29.4
ZONE_110,576.6768887878984,14,145.30564915210482,2,6,41.10564819383316,0,Low Risk,47.5
ZONE_111,409.58767343020577,4,364.10064343660946,8,17,47.83485234335677,0,Low Risk,48.2
ZONE_112,1408.606948045345,4,234.3024633307528,3,4,29.453417432200325,1,High Risk,53.5
ZONE_113,1250.556493433742,13,330.2624200201424,9,19,29.541560239029213,2,Medium Risk,75.7
ZONE_114,1023.4248834635505,1,392.6260024655864,4,2,34.807601853333495,1,High Risk,50.8
ZONE_115,1332.898767244033,10,343.9261008097997,1,6,45.327730285026846,1,High Risk,73.6
ZONE_116,1244.7736999688489,2,353.4478160040332,3,13,32.31059737582664,1,High Risk,54.0
ZONE_117,442.5410765518466,6,192.79457337769566,1,6,35.207556398606954,0,Low Risk,29.3
ZONE_118,1360.326698036971,5,243.10290834076892,1,4,29.370108132539592,1,High Risk,52.3
ZONE_119,901.144914490346,11,138.8609974151565,3,4,43.26310582517779,0,Low Risk,52.9
ZONE_120,1249.6722017132813,1,118.63958489270848,5,1,36.16612685518902,1,High Risk,42.9
ZONE_121,1364.9186899005413,5,226.92775768711184,6,5,43.184974661216856,1,High Risk,63.4
ZONE_122,613.404517463423,1,258.26714289514723,9,14,46.0721568869359,0,Low Risk,42.7
ZONE_123,343.0675018859798,1,168.74493606366684,2,9,32.65526294202577,0,Low Risk,16.6
ZONE_124,496.3157113045242,1,249.30523121722513,2,6,44.147920606799026,0,Low Risk,31.1
ZONE_125,755.2401252141332,13,360.61116887972605,9,4,29.181877801565065,1,High Risk,64.0
ZONE_126,1263.419195699241,14,244.85255467417812,5,0,45.97694776360495,1,High Risk,77.1
ZONE_127,1318.9497582332465,10,302.2845837086773,2,12,41.015370951174944,1,High Risk,69.7
ZONE_128,209.03776969054792,2,331.8602385752668,1,17,45.48453448276703,0,Low Risk,29.4
ZONE_129,863.9714933508354,14,396.055073684405,7,12,28.00376799113164,1,High Risk,68.0
ZONE_130,742.6343040934127,1,261.11909076194286,4,17,31.38162140711985,2,Medium Risk,34.0
ZONE_131,488.7401536119493,3,332.3975521369051,0,4,35.79518774852984,0,Low Risk,32.8
ZONE_132,355.82497753378766,8,386.92726149420616,2,12,35.59005806749437,0,Low Risk,42.6
ZONE_133,638.8997228247163,5,380.5434039520457,9,3,32.534607658470215,0,Low Risk,50.3
ZONE_134,1425.782615086275,0,99.37864707219975,7,16,35.632238797344,2,Medium Risk,46.6
ZONE_135,620.1638116269818,7,192.2373078957327,3,2,30.576974240005097,0,Low Risk,35.4
ZONE_136,874.4278082663759,14,163.39652138737986,6,16,36.255222585320524,2,Medium Risk,58.1
ZONE_137,1113.9246465637311,11,80.42375523262226,9,10,44.04708658318528,2,Medium Risk,61.7
ZONE_138,672.7184830930821,13,271.63427121883615,1,19,37.581401262067025,2,Medium Risk,52.8
ZONE_139,1463.316707537249,6,307.5666146186008,6,3,28.360001778904298,1,High Risk,64.9
ZONE_140,1451.1814834247446,9,346.8448334134092,4,1,36.42888083158495,1,High Risk,73.9
ZONE_141,527.3169845729734,2,92.97191138194798,4,19,28.543500321816882,2,Medium Risk,18.9
ZONE_142,846.4230576601011,0,356.75542655635286,5,15,47.32486821413596,1,High Risk,49.6
ZONE_143,591.1418027618006,4,275.02394726498864,8,17,30.54907918845738,2,Medium Risk,39.3
ZONE_144,570.2926426907079,12,296.3811472984783,5,7,42.15376652661237,0,Low Risk,56.1
ZONE_145,247.95303156089264,3,368.71840123910636,7,2,47.455526457841714,0,Low Risk,41.2
ZONE_146,992.4336341738659,9,268.6664448651379,6,8,44.52078103333144,1,High Risk,63.1
ZONE_147,853.4827301975199,7,167.55305000244226,8,19,41.98630750252407,2,Medium Risk,51.0
ZONE_148,266.92237662498616,0,338.7875659979309,3,5,44.78921819001533,0,Low Risk,29.7
ZONE_149,562.2404035075949,9,177.07072426828168,1,9,47.63597386521255,0,Low Risk,42.8
ZONE_150,1380.7456517566497,0,61.979838787185194,6,9,40.42688994507059,2,Medium Risk,44.7
ZONE_151,511.43045786706415,11,340.7290772978374,5,12,39.18369613658653,0,Low Risk,53.9
ZONE_152,388.36333371859,3,170.81725070844647,0,16,40.56476220926562,0,Low Risk,23.3
ZONE_153,836.2885883608319,7,320.8420831204691,8,8,38.6535177352311,1,High Risk,57.6
ZONE_154,1481.345590343781,4,176.9652631330809,8,16,40.70178211819437,2,Medium Risk,62.8
ZONE_155,514.6718529649505,1,351.37380699115255,1,8,36.996844159451186,0,Low Risk,32.9
ZONE_156,1073.7762116276422,5,126.82868377833555,2,8,32.36886365766614,2,Medium Risk,40.4
ZONE_157,1190.1054999273329,4,391.09154281960446,4,0,30.404944530233514,1,High Risk,58.0
ZONE_158,508.9288071901196,1,322.9155711758108,4,1,29.36681871064521,0,Low Risk,30.3
ZONE_159,1146.6812531954174,12,89.9832740721389,0,15,33.266315675064,2,Medium Risk,50.4
ZONE_160,678.1180725350291,13,248.02181698829617,7,0,28.922471286714675,0,Low Risk,53.3
ZONE_161,1021.9975797716534,10,394.87855928460715,7,9,39.34341559838771,1,High Risk,71.2
ZONE_162,1023.5886239891631,10,214.87290844283504,3,17,33.6765689404704,2,Medium Risk,54.1
ZONE_163,896.507089297186,10,113.73749858755414,6,7,44.490696161740644,2,Medium Risk,53.3
ZONE_164,317.3767010707308,2,219.67242850262116,9,10,29.48481745976773,0,Low Risk,25.9
ZONE_165,1285.8932442660093,14,229.36017955867257,2,1,32.527029886829716,1,High Risk,67.1
ZONE_166,617.0140844632566,8,309.5904304800329,5,7,42.60492294180292,0,Low Risk,51.7
ZONE_167,442.4740635198105,6,294.5960486063166,9,7,39.976165927669825,0,Low Risk,45.5
ZONE_168,253.00768402119309,6,190.89251525894318,9,16,29.289825424983352,2,Medium Risk,29.1
ZONE_169,968.1608261447144,14,126.30808762293027,8,14,45.54478914324401,2,Medium Risk,65.1
ZONE_170,1080.8336703949672,10,275.7689587192653,0,16,45.54523525652359,2,Medium Risk,62.1
ZONE_171,221.564177606213,5,197.59637709364864,4,12,34.60816007751548,0,Low Risk,24.7
ZONE_172,865.7209757890653,7,96.29667389386563,3,18,34.80811686699129,2,Medium Risk,38.6
ZONE_173,494.44450775731934,3,365.200305432735,7,4,47.78056716700348,0,Low Risk,47.8
ZONE_174,1038.7246275322848,7,291.92765016337904,0,11,40.52352343186276,1,High Risk,54.3
ZONE_175,426.6763577064889,3,289.1143497559185,8,0,38.62633041136118,0,Low Risk,38.1
ZONE_176,1098.2190595332058,7,337.90435656908585,5,4,44.76304367103849,1,High Risk,65.7
ZONE_177,702.7559501906986,8,235.38158752927836,3,7,33.70580676714633,0,Low Risk,43.3
ZONE_178,1417.748985357755,2,335.26904994086,8,12,36.58365186792714,1,High Risk,64.7
ZONE_179,378.7772273897912,2,224.331763728852,4,7,33.35553350976669,0,Low Risk,24.8
ZONE_180,643.3862563653361,10,73.51138997049853,4,10,43.78321693177463,2,Medium Risk,41.8
ZONE_181,347.5155776127658,12,191.83683080969107,4,0,39.46698691270436,0,Low Risk,41.8
ZONE_182,1402.1017037621316,1,224.1127128929617,0,12,41.17650140280141,1,High Risk,50.6
ZONE_183,1340.5411593952754,12,302.0709035713035,0,18,33.04614499678813,2,Medium Risk,67.6
ZONE_184,535.3241160297023,9,87.30255554503603,7,2,32.404506027546304,0,Low Risk,35.4
ZONE_185,1057.9792598444328,2,99.00648853115715,7,16,37.76749257965878,2,Medium Risk,41.1
ZONE_186,1262.3888602615805,2,142.28933092211577,5,4,42.75131498185654,1,High Risk,49.6
ZONE_187,921.7610550793011,4,143.27443767980878,3,19,38.504795150403204,2,Medium Risk,39.7
ZONE_188,888.5457518628084,4,306.2646024606718,1,7,28.65291355091337,1,High Risk,41.2
ZONE_189,514.4079781705872,1,137.75573119655922,1,13,45.37103012640577,0,Low Risk,24.8
ZONE_190,321.03359814766895,11,271.58432217510665,8,3,29.293737870302632,0,Low Risk,42.9
ZONE_191,1366.3804853393249,9,222.995847548395,4,10,47.11648967441505,1,High Risk,69.8
ZONE_192,1370.5434743123296,12,250.65303236279024,3,19,28.502839165545453,2,Medium Risk,66.2
ZONE_193,1023.0318944552483,5,343.3374371124035,9,14,41.889009122614176,1,High Risk,63.2
ZONE_194,640.7387283633109,4,191.53352554215851,0,18,29.644141274235633,2,Medium Risk,27.4
ZONE_195,653.9724469964592,5,319.81898197249467,6,6,46.21353158870279,0,Low Risk,51.1
ZONE_196,1143.7423825313113,0,197.71262084274056,2,18,37.28866472451085,2,Medium Risk,40.5
ZONE_197,1366.2433379383501,4,173.8549817964373,5,18,30.750475496340307,2,Medium Risk,51.5
ZONE_198,1353.2123515446524,8,385.5195120596272,4,10,34.81631399579693,1,High Risk,71.0
ZONE_199,1213.8382096149112,11,114.52982223763712,4,4,31.296493506935242,2,Medium Risk,55.0
ZONE_200,1034.641140000574,9,81.61793620216275,4,4,31.4116382311418,2,Medium Risk,45.0
ZONE_201,309.3819544935635,13,319.84507393741745,0,7,46.962166403428846,0,Low Risk,49.5
ZONE_202,410.1173283229979,1,73.88739687393206,0,9,36.904922245695765,0,Low Risk,13.1
ZONE_203,1368.120445085203,0,342.97764674606026,2,5,43.77604527810719,1,High Risk,58.1
ZONE_204,988.3577775574669,13,203.01768872503524,9,14,40.79211122355363,2,Medium Risk,67.0
ZONE_205,211.95616710161855,9,370.4297870521699,3,15,41.528527246767844,0,Low Risk,43.4
ZONE_206,331.91300572584174,12,302.536501392667,4,16,30.63386876944077,0,Low Risk,43.3
ZONE_207,1062.5522998404726,10,263.6416334527852,1,7,32.683688936309714,1,High Risk,55.4
ZONE_208,206.5800590000843,8,382.257378970218,7,7,43.73500670308874,0,Low Risk,47.4
ZONE_209,409.0504668427483,9,188.827280568219,1,8,47.41532412949566,0,Low Risk,39.3
ZONE_210,913.3539261765619,8,383.93042778887155,8,1,33.253512851973035,1,High Risk,62.2
ZONE_211,1099.4637570005011,14,97.25044709742242,1,14,33.4313752950208,2,Medium Risk,54.0
ZONE_212,1047.5496373533806,8,219.31422967634447,8,17,37.457942656218094,2,Medium Risk,58.6
ZONE_213,491.5501022987277,5,144.4689278372682,6,2,47.67680625710876,0,Low Risk,37.4
ZONE_214,1125.8329877517967,14,238.9449726178677,7,16,33.37917891652942,2,Medium Risk,68.7
ZONE_215,508.4238137458401,7,106.70485726205462,1,3,36.139438192685276,0,Low Risk,28.3
ZONE_216,623.0196076070481,13,344.5353811085152,6,3,45.829600312470134,0,Low Risk,64.8
ZONE_217,1170.4388266534315,10,346.24274726009503,5,13,28.05842065242724,1,High Risk,64.8
ZONE_218,1044.5227687613792,14,384.33270945321766,3,8,28.795319299771393,1,High Risk,68.6
ZONE_219,1303.9904336424313,12,104.13524930913267,6,8,40.08143354142439,2,Medium Risk,64.9
ZONE_220,1054.8967599904463,0,268.1663928167468,3,17,46.14760329425694,1,High Risk,47.6
ZONE_221,938.8011843361131,9,215.98305804512935,1,9,32.77713320803855,2,Medium Risk,47.8
ZONE_222,321.7771981765202,3,170.53430621548165,9,3,37.39283549361418,0,Low Risk,28.9
ZONE_223,678.0305439772635,0,173.0390563969766,6,11,37.00930603315636,0,Low Risk,30.4
ZONE_224,544.7630779862432,7,194.4777427123633,7,7,37.45942692191021,0,Low Risk,40.9
ZONE_225,517.1865363928086,0,296.72394239113356,1,1,40.450393914594905,0,Low Risk,29.9
ZONE_226,1464.9137211781792,2,259.4001203938541,4,12,37.39487525981367,1,High Risk,58.1
ZONE_227,711.0270420667885,12,210.88852946639588,0,15,36.94936282644916,2,Medium Risk,47.4
ZONE_228,1359.6605217302472,3,76.57669362936772,6,1,37.48576840862521,1,High Risk,48.5
ZONE_229,1020.4802137964417,14,77.21787042763498,7,10,39.81734882542083,2,Medium Risk,59.9
ZONE_230,1233.254694604143,14,50.81878671902239,5,9,38.74014976702717,2,Medium Risk,61.6
ZONE_231,853.4282210367497,14,388.6947858724803,4,14,45.082719953010084,1,High Risk,72.8
ZONE_232,949.9750500142668,7,51.83883649543472,5,16,28.98993706987333,2,Medium Risk,37.5
ZONE_233,840.273001964523,5,86.0828111048107,1,7,44.666341429460246,0,Low Risk,37.0
ZONE_234,453.81588413745783,13,160.1087948832938,0,17,44.87849225223448,2,Medium Risk,43.2
ZONE_235,1139.187749839957,9,332.6005881358664,6,8,33.69816043061922,1,High Risk,65.3
ZONE_236,565.0040711731126,11,386.73457501744116,6,7,37.257039100317016,0,Low Risk,58.0
ZONE_237,231.61075636088998,6,326.5047455771496,9,13,36.770769770748714,0,Low Risk,40.0
ZONE_238,1039.113984679318,13,291.69608135597423,9,17,32.370196687082604,2,Medium Risk,69.3
ZONE_239,430.24388322916366,7,232.4552335947493,1,19,35.935936941726325,2,Medium Risk,33.3
ZONE_240,1422.5961596587886,1,80.34682415176427,1,19,28.88775544341709,2,Medium Risk,37.8
ZONE_241,1440.1071501033637,12,385.35977755137566,0,11,33.55644145563469,1,High Risk,75.3
ZONE_242,1389.3237072865832,9,315.4373448809885,9,18,44.333643509014365,1,High Risk,79.4
ZONE_243,681.2063103320777,13,273.63228486699165,7,13,33.69124603525795,2,Medium Risk,57.2
ZONE_244,220.09360148752765,10,315.6625459385974,7,16,44.36413337496495,0,Low Risk,47.6
ZONE_245,1406.814131364043,7,303.43616524559854,0,2,38.63198929208862,1,High Risk,64.0
ZONE_246,756.6393928125086,2,273.0310529263204,7,6,45.597253547223204,0,Low Risk,46.9
ZONE_247,1456.6512647567704,6,393.2018800629959,8,16,39.495591085288304,1,High Risk,77.2
ZONE_248,1452.7059702160286,2,366.17733442260874,3,11,28.593364461294797,1,High Risk,58.4
ZONE_249,1308.9122921075682,14,276.3327216910072,0,8,41.508404150941786,1,High Risk,72.9
ZONE_250,582.7835596904614,6,292.6113240099237,0,14,28.897071360471372,0,Low Risk,34.6
ZONE_251,700.6270471825028,13,68.0585323305485,2,17,37.011940379662676,2,Medium Risk,42.7
ZONE_252,1306.477672971914,10,284.4711125925137,4,12,46.58853388946228,1,High Risk,73.1
ZONE_253,611.9986067031609,14,65.45790319853506,4,7,31.304078786757003,2,Medium Risk,41.0
ZONE_254,420.3405706919202,11,255.89231493947588,8,13,35.79744705883088,0,Low Risk,47.9
ZONE_255,923.8416411958552,12,399.7737248480422,9,7,42.597206176969564,1,High Risk,75.8
ZONE_256,1417.0012064090154,1,244.53230350301288,1,13,45.64517112189695,1,High Risk,55.4
ZONE_257,1104.838735677465,9,215.6235413284667,1,6,41.41886009485016,1,High Risk,56.5
ZONE_258,941.0795211161744,5,159.49919977695563,5,11,33.16346508382338,2,Medium Risk,42.1
ZONE_259,326.3294419019991,2,92.18290257526255,8,10,41.492157058324324,0,Low Risk,23.9
ZONE_260,999.5093947089207,2,305.85828501039856,0,10,33.9345528220818,1,High Risk,42.4
ZONE_261,1487.0700051355423,14,117.40965972497065,8,12,42.3685845963747,2,Medium Risk,77.0
ZONE_262,382.1092198074812,8,90.34870743654953,8,17,47.08066255170081,2,Medium Risk,38.1
ZONE_263,873.8285480728578,6,197.6169309056794,8,1,42.42786902212576,0,Low Risk,51.8
ZONE_264,1340.584993506342,4,328.3696432856841,4,14,45.25761005824825,1,High Risk,65.9
ZONE_265,1162.9992030804658,11,310.77259184207713,8,19,28.042076863517668,2,Medium Risk,67.2
ZONE_266,1106.1204632938484,9,69.20891512626622,3,17,42.35144249463189,2,Medium Risk,50.7
ZONE_267,1113.229309183242,6,209.30028976265464,1,14,44.59175113730501,2,Medium Risk,53.0
ZONE_268,667.3384965856817,8,232.85210162490912,5,18,28.811174750893628,2,Medium Risk,41.8
ZONE_269,581.6693975438413,0,275.59132771903774,3,11,45.43195454576461,0,Low Risk,34.9
ZONE_270,1252.1695021220678,6,277.55857265512986,5,12,33.13388456620092,1,High Risk,58.9
ZONE_271,1253.147413082935,5,177.64403731005706,2,10,41.30584203956111,1,High Risk,52.6
ZONE_272,1327.1940141541347,9,246.2370179012299,5,4,44.007097580468134,1,High Risk,69.6
ZONE_273,1387.2127183234127,13,218.37165934543026,1,0,41.25329026118711,1,High Risk,70.9
ZONE_274,864.7451185192191,11,359.74942478314836,1,2,29.845695841465144,1,High Risk,55.9
ZONE_275,851.9711830933595,8,235.59279642221506,8,18,39.92643037720737,2,Medium Risk,55.5
ZONE_276,1237.7837326568076,0,204.36125661185656,6,6,38.99167313444287,1,High Risk,48.3
ZONE_277,1044.9531100110949,12,191.56990738864775,2,11,46.00642536148543,2,Medium Risk,61.8
ZONE_278,1112.5569404350144,3,250.349715801713,0,14,36.08479459288418,1,High Risk,45.1
ZONE_279,1234.5304702669314,8,331.39194279031415,7,4,34.421621941741,1,High Risk,67.5
ZONE_280,1357.0069443628363,3,238.44052163327564,5,14,42.99701528872933,1,High Risk,59.4
ZONE_281,639.3937039069965,9,281.5793112781895,6,7,36.25350652166793,0,Low Risk,50.2
ZONE_282,688.2578384319272,2,308.24951841728375,8,9,40.92192350010126,0,Low Risk,45.7
ZONE_283,322.1765217931297,8,232.05883845755613,4,15,40.92900180249214,0,Low Risk,37.5
ZONE_284,951.7641832950262,12,199.38596982920254,0,7,45.760781287202356,0,Low Risk,57.7
ZONE_285,246.7249559357647,1,356.8328822518573,9,0,39.973848046381946,0,Low Risk,35.4
ZONE_286,805.2774235721982,14,196.12712940976223,6,11,38.04307219923974,2,Medium Risk,59.0
ZONE_287,905.4380251198496,3,211.67999770145565,4,4,30.77742652793034,1,High Risk,38.6
ZONE_288,572.5036277667698,14,396.61945966962196,2,2,30.314752133574107,0,Low Risk,56.3
ZONE_289,968.083238739714,5,50.0831332515596,8,0,31.086431305661588,2,Medium Risk,38.6
ZONE_290,239.65032492076426,1,114.91551835185287,0,3,31.43696962654189,0,Low Risk,8.2
ZONE_291,248.55264537397875,14,184.387361471904,0,7,40.75754185327268,0,Low Risk,38.7
ZONE_292,1269.3807288575558,7,376.4064682988385,0,2,42.819625005491574,1,High Risk,66.5
ZONE_293,668.2478338346418,7,74.51039701161486,2,9,38.59983045852837,2,Medium Risk,33.0
ZONE_294,365.1786664474502,0,53.31990176997432,5,1,44.580354650909825,0,Low Risk,17.9
ZONE_295,878.9162380712456,11,68.43934259203,9,10,47.82526453467266,2,Medium Risk,56.6
ZONE_296,1200.9916190281942,2,80.99019371476635,2,9,44.400252582387125,2,Medium Risk,42.3
ZONE_297,480.5673357458961,9,63.1588706221913,7,13,41.897647473519186,2,Medium Risk,37.3
ZONE_298,1009.7576185647004,8,217.92346439977666,9,6,38.64985398874293,1,High Risk,59.1
ZONE_299,310.9517044918984,4,253.2650225295647,1,1,36.977061433494164,0,Low Risk,26.8
ZONE_300,267.18623751919,5,145.09043987415143,8,8,29.68784761089085,0,Low Risk,24.4
ZONE_301,890.7610210385924,3,189.40058439147245,2,15,35.98737496789382,2,Medium Risk,37.6
ZONE_302,902.8256580931385,9,82.09476728900054,4,12,46.202692735642685,2,Medium Risk,48.9
ZONE_303,1028.6588719476686,1,167.7296623399477,9,8,44.16045259813106,1,High Risk,47.8
ZONE_304,1143.91873383946,10,232.8817170720831,7,19,32.321027300233744,2,Medium Risk,61.7
ZONE_305,1468.607703301295,7,306.2951325146258,1,3,37.332155693944316,1,High Risk,66.1
ZONE_306,871.1904527915539,10,51.17122671504273,5,9,44.33446405117089,2,Medium Risk,48.0
ZONE_307,619.8434148236197,12,213.5587682881784,4,11,29.347691095710452,2,Medium Risk,45.3
ZONE_308,1233.7420531993148,5,153.95100675920878,9,16,35.74785171337319,2,Medium Risk,55.0
ZONE_309,552.0819266406966,4,348.48763759216547,8,13,45.03682473747895,0,Low Risk,49.7
ZONE_310,770.662846917327,8,300.4436603319847,4,13,36.077957283402476,0,Low Risk,51.0
ZONE_311,301.9932957449457,0,256.1879870648132,1,1,29.552292894628817,0,Low Risk,16.3
ZONE_312,232.95596644009476,4,147.04297599387075,4,19,38.85068737064503,2,Medium Risk,22.5
ZONE_313,1451.4429390813025,5,368.618685720137,3,10,45.23484989836591,1,High Risk,71.9
ZONE_314,1286.7741566658676,4,65.78523702711311,6,15,39.8057108590632,2,Medium Risk,48.7
ZONE_315,1104.7664679218074,5,88.31365953769031,5,18,32.525582164284636,2,Medium Risk,42.1
ZONE_316,731.6388277385508,5,187.07054918912462,1,5,35.684792402747625,0,Low Risk,35.3
ZONE_317,425.2826160920995,6,93.55314505389973,4,18,37.00246722363865,2,Medium Risk,27.1
ZONE_318,403.3681554724119,3,384.7454941457988,6,4,39.585327076410536,0,Low Risk,41.4
ZONE_319,525.315767613974,13,329.29626275018416,6,3,43.18702051505226,0,Low Risk,60.0
ZONE_320,913.9946641179566,10,140.64392806063478,4,14,29.977472352812708,2,Medium Risk,46.1
ZONE_321,1128.9746995100809,13,255.9939801406359,8,3,45.79304066035132,1,High Risk,75.3
ZONE_322,1058.2565897330505,13,393.8156802780286,3,19,28.24619406032151,1,High Risk,67.5
ZONE_323,563.9140660297257,13,359.46964234602603,2,9,35.40104669348511,0,Low Risk,54.8
ZONE_324,1441.3248648621523,14,260.27945625476934,3,2,28.548406199453154,1,High Risk,72.0
ZONE_325,1159.265991704499,7,366.3033885113447,4,4,35.85948450690582,1,High Risk,63.5
ZONE_326,920.6602682648208,6,396.2147184346756,5,5,38.516251977466474,1,High Risk,59.4
ZONE_327,995.2369701046579,8,310.1734880127685,2,7,38.233627731630236,1,High Risk,56.7
ZONE_328,745.4800811561269,6,72.7452433190129,1,6,31.312566940565308,2,Medium Risk,28.6
ZONE_329,522.0502863515047,2,190.55308274892062,3,9,40.914810201912246,0,Low Risk,29.5
ZONE_330,662.76448224664,2,343.23900734913593,4,5,28.895569010093364,0,Low Risk,37.0
ZONE_331,1185.19994360368,14,130.69921853175666,3,13,43.23813640264831,2,Medium Risk,65.1
ZONE_332,218.71153521868263,7,340.7248812127186,2,3,46.93288867987093,0,Low Risk,40.2
ZONE_333,350.8944326589911,4,92.11856671224858,7,12,34.79537654302236,2,Medium Risk,23.5
ZONE_334,259.8034346282786,3,66.43087500173455,9,19,38.34478763428664,2,Medium Risk,21.7
ZONE_335,252.9474430146612,7,184.43171402193735,3,16,35.57820556117629,0,Low Risk,27.6
ZONE_336,1312.0987592143094,14,62.85617809931477,1,6,28.1342078060812,2,Medium Risk,55.1
ZONE_337,1114.7552171940308,5,385.04459204416395,1,3,35.71749005790232,1,High Risk,57.0
ZONE_338,816.4259778135228,1,339.17199352788805,0,13,43.83440518522693,0,Low Risk,42.7
ZONE_339,327.18440884630195,3,330.26939049545626,3,2,39.91977684366964,0,Low Risk,33.4
ZONE_340,839.100637651882,11,270.42227304865355,9,4,30.02519829230318,1,High Risk,58.1
ZONE_341,815.5133020147354,10,125.71340806279373,8,15,44.942789793875704,2,Medium Risk,54.0
ZONE_342,425.16243088301974,3,231.39112833673727,6,19,38.621706897704854,2,Medium Risk,32.7
ZONE_343,764.007144009365,14,259.04592535061937,9,3,44.83446723489352,0,Low Risk,67.9
ZONE_344,718.0561547165855,5,233.76102530109387,6,1,39.60443037570059,0,Low Risk,44.6
ZONE_345,1000.6051274678814,5,141.08167878303453,6,17,39.1937688967588,2,Medium Risk,46.7
ZONE_346,1025.621746127937,0,230.33677351015405,7,18,30.10518370394025,2,Medium Risk,40.6
ZONE_347,258.8952127036579,13,221.9152193040193,0,18,31.34719466277256,2,Medium Risk,34.7
ZONE_348,686.9963990144126,7,398.7175215323535,9,16,47.44050512993182,0,Low Risk,63.4
ZONE_349,1013.6178904285073,5,364.1026518161714,9,13,32.56973493509541,1,High Risk,59.5
ZONE_350,854.077136154114,2,212.18326187546697,7,18,47.54904235980736,2,Medium Risk,47.0
ZONE_351,1313.436793544819,13,268.0280840272915,3,12,38.638254130485265,1,High Risk,72.4
ZONE_352,1056.3017211046285,8,311.75506143228,3,11,30.715780941278744,1,High Risk,55.7
ZONE_353,411.8147552058586,1,62.202806081838716,3,5,29.986044055073858,0,Low Risk,12.1
ZONE_354,291.7393716205588,14,363.222504429744,5,3,32.1772814141148,0,Low Risk,50.8
ZONE_355,1035.1450616682102,10,351.0443857462733,6,18,46.512746600506716,1,High Risk,71.6
ZONE_356,234.46470370410836,7,210.10123422079755,5,15,36.283004486564536,0,Low Risk,30.9
ZONE_357,961.5082556555022,9,186.90941812813293,0,12,35.90868535985829,2,Medium Risk,47.3
ZONE_358,1422.2993138524448,2,145.53578119971024,7,3,34.26412522140348,1,High Risk,51.8
ZONE_359,948.1164312386427,12,216.83688991562894,9,16,30.94123701133177,2,Medium Risk,60.1
ZONE_360,704.6209040684785,11,65.53183223663287,6,0,37.757023943848125,0,Low Risk,43.7
ZONE_361,1036.2746839750591,4,348.2677366714527,5,17,30.600955650222772,1,High Risk,52.5
ZONE_362,795.7287576389716,5,62.397828946490776,5,19,44.70960472764655,2,Medium Risk,38.4
ZONE_363,909.3018261107154,9,165.16797787945484,4,16,35.40793972550613,2,Medium Risk,48.4
ZONE_364,1423.9042514094826,5,376.0563209116465,5,14,35.49607135563593,1,High Risk,68.7
ZONE_365,701.9334291410065,3,307.3244290832085,8,10,37.480128569663115,0,Low Risk,46.0
ZONE_366,1449.5477329710884,2,148.48683620213438,9,12,36.88255426331503,2,Medium Risk,56.0
ZONE_367,1376.955834542883,3,138.42718288630977,8,0,47.89715946118643,1,High Risk,59.7
ZONE_368,454.52847522608533,0,51.778748936309086,9,16,38.90762242436605,2,Medium Risk,21.4
ZONE_369,290.16969113771506,3,293.50000249741254,7,5,29.764034075797415,0,Low Risk,29.2
ZONE_370,331.01140179065465,0,67.07425358561058,9,3,40.1375468315386,0,Low Risk,19.6
ZONE_371,223.68837334701465,11,236.41088179026673,8,19,31.031685857397598,2,Medium Risk,39.1
ZONE_372,322.7758489827069,14,386.7426904072174,9,15,28.61875289462684,0,Low Risk,55.2
ZONE_373,1087.908805441264,0,88.31410101905885,7,14,47.41484307354496,2,Medium Risk,42.8
ZONE_374,292.5452429982977,9,363.0679758388236,7,14,43.470777830691276,0,Low Risk,50.1
ZONE_375,614.6683193818897,13,397.01636730076683,0,5,47.60217984827534,0,Low Risk,62.5
ZONE_376,1298.337904260291,5,71.53095918373226,9,14,37.55756896044485,2,Medium Risk,52.9
ZONE_377,230.25351645657364,4,359.01719419811144,4,13,38.64515062297952,0,Low Risk,34.5
ZONE_378,1258.8090273656164,13,230.62765715526584,3,10,31.366739118382604,1,High Risk,65.2
ZONE_379,566.4112072054199,10,367.27980180560303,1,6,32.93814853335171,0,Low Risk,48.1
ZONE_380,353.6142759081531,14,249.96162967185094,7,8,44.77098429805656,0,Low Risk,54.3
ZONE_381,1105.758314973396,3,281.7392035372976,2,15,35.12371294235189,1,High Risk,48.2
ZONE_382,1017.6257008138492,12,240.32261779908973,3,4,44.53629947592838,1,High Risk,64.2
ZONE_383,1340.7136175851688,10,352.572508107572,6,19,42.18027448574064,1,High Risk,77.8
ZONE_384,1155.5923569450515,2,306.8684716337956,9,9,31.54341850543731,1,High Risk,54.5
ZONE_385,1244.5252095003032,0,232.44110926314522,8,17,38.14892732239484,2,Medium Risk,51.6
ZONE_386,566.6449443426984,5,353.8562814180414,1,2,41.54774643037434,0,Low Risk,43.3
ZONE_387,430.67140691363966,1,135.8499362893671,2,12,32.7007442960765,0,Low Risk,17.1
ZONE_388,1175.7991771331158,7,105.06923089588409,3,10,44.61377021040154,2,Medium Risk,52.4
ZONE_389,1248.8851610474433,9,106.14003686552523,9,16,38.896553150903735,2,Medium Risk,60.9
ZONE_390,1487.6566846008752,4,166.90310756083326,0,12,31.304841008852065,2,Medium Risk,49.7
ZONE_391,736.4029799848544,6,133.54151095535613,6,5,39.65968852329205,0,Low Risk,41.0
ZONE_392,683.6235115306181,9,375.53162267840855,1,16,47.99427608311828,0,Low Risk,57.6
ZONE_393,1209.336848964596,11,87.04193284000439,4,12,31.010429833268272,2,Medium Risk,53.1
ZONE_394,643.0446023289232,1,294.6467583138557,0,18,44.33513860239056,0,Low Risk,35.7
ZONE_395,1409.9845232846342,12,116.22753892475205,2,18,32.14618006375116,2,Medium Risk,60.4
ZONE_396,1315.9365773959153,7,358.5729964696226,1,9,43.647766589201744,1,High Risk,68.2
ZONE_397,757.6922355875239,1,386.4603508647176,0,2,42.69155846242826,0,Low Risk,43.3
ZONE_398,1176.1323881289466,3,212.91450306949426,6,13,34.009787712008645,2,Medium Risk,49.6
ZONE_399,1180.905736310087,0,357.6750180798461,4,18,34.51646235128899,1,High Risk,51.2
ZONE_400,334.0610294867124,14,51.800809764150166,0,4,43.85042783925839,0,Low Risk,35.0
ZONE_401,1373.3187786834367,4,336.98142109283503,5,4,37.22891023774625,1,High Risk,64.3
ZONE_402,856.8280841822143,8,130.01880653372325,4,19,42.616360574236175,2,Medium Risk,46.9
ZONE_403,1274.3947059400641,0,368.04545824427873,2,16,30.959682947316693,1,High Risk,50.6
ZONE_404,616.0644813397953,8,50.39203901803832,6,9,45.05115563803107,2,Medium Risk,39.1
ZONE_405,1364.1801970450606,10,244.66360726391494,9,4,42.21769433364638,1,High Risk,75.2
ZONE_406,705.9621823544121,14,314.82253132472715,8,3,46.13885617669668,0,Low Risk,69.2
ZONE_407,214.08894692438787,7,140.5409157442678,8,5,30.64744758069945,0,Low Risk,26.5
ZONE_408,1376.9965693450426,5,117.59650260555257,8,3,39.86029000721195,1,High Risk,57.8
ZONE_409,318.67267982197365,6,79.43437856379462,1,6,39.9824117008065,0,Low Risk,21.9
ZONE_410,615.1077288675393,2,164.25175177615253,2,6,35.06921481093565,0,Low Risk,26.6
ZONE_411,1435.0805571660464,13,245.94550930809032,6,17,37.16932849138516,2,Medium Risk,76.7
ZONE_412,1435.789291018823,14,90.54534987309017,4,2,28.75963126579707,2,Medium Risk,63.3
ZONE_413,945.4692545602719,0,181.84337669537956,1,0,42.91720077254024,0,Low Risk,36.1
ZONE_414,1021.388375820739,4,53.17534162845374,2,3,38.98644958806348,2,Medium Risk,36.5
ZONE_415,782.9791785718157,13,336.5377971749446,9,5,29.154821037383474,1,High Risk,63.3
ZONE_416,581.1740032074839,11,94.95705133261697,5,8,41.61511785920971,2,Medium Risk,43.0
ZONE_417,627.2639089808907,11,149.17003189295355,6,13,37.335641544623755,2,Medium Risk,46.2
ZONE_418,1074.27399290015,1,56.44970155837611,8,11,28.6892251885,2,Medium Risk,33.9
ZONE_419,1178.086888268984,13,201.2842743623793,0,19,47.39215453696191,2,Medium Risk,66.3
ZONE_420,1229.052756843603,4,344.0425259594266,6,3,46.982242861788805,1,High Risk,66.7
ZONE_421,1226.50358563292,7,187.2529240058188,7,11,38.25804832294395,2,Medium Risk,59.3
ZONE_422,318.5679339632975,10,112.82406319834169,2,9,29.873448414118204,0,Low Risk,26.4
ZONE_423,842.7463961133559,8,313.7945919176817,3,6,43.092424431971835,0,Low Risk,56.3
ZONE_424,274.82638802163757,1,326.0824436547605,9,2,37.83862200211458,0,Low Risk,33.4
ZONE_425,914.3875470208562,11,110.81371635764839,5,13,34.048949565787595,2,Medium Risk,49.1
ZONE_426,773.9896517853902,2,319.7989379893464,9,9,37.82836355057113,1,High Risk,48.1
ZONE_427,1354.0154375857896,2,381.5542608897183,6,15,38.44888290810929,1,High Risk,64.6
ZONE_428,656.1895163177023,0,108.23215542629532,3,15,39.254233980446784,2,Medium Risk,24.2
ZONE_429,352.1871213558876,7,319.8445023862474,7,9,36.82447427310653,0,Low Risk,42.6
ZONE_430,385.88918666868665,5,298.00020161092027,4,12,40.11510606278114,0,Low Risk,37.6
ZONE_431,1189.963821232714,11,215.750860952281,0,5,46.37469421212755,1,High Risk,63.6
ZONE_432,1003.6834823111394,12,70.2721611955794,3,11,35.24536174197182,2,Medium Risk,49.4
ZONE_433,331.4594789596273,7,76.1430462152489,2,8,42.51432926439898,0,Low Risk,26.0
ZONE_434,309.33884794949665,10,348.3451307195267,8,12,45.88905113648464,0,Low Risk,53.6
ZONE_435,1111.259870896856,8,396.5519304627265,7,3,37.119585515198736,1,High Risk,69.2
ZONE_436,294.59190827345157,4,286.61829001536404,0,10,36.86911672763809,0,Low Risk,27.2
ZONE_437,1268.418077077463,13,206.0854074536125,5,19,40.04233970709559,2,Medium Risk,70.4
ZONE_438,1118.114895303445,11,276.6507751906677,8,17,39.828135188449764,2,Medium Risk,69.9
ZONE_439,305.7534148344697,13,258.0385507299909,6,10,44.13178684652554,0,Low Risk,50.5
ZONE_440,310.2890283107495,2,184.26429114196762,3,3,37.529667675565854,0,Low Risk,21.7
ZONE_441,1482.6314520515282,4,72.96915060090453,0,17,47.92245899278882,2,Medium Risk,52.5
ZONE_442,686.5520344829564,4,337.5295315926043,1,0,29.189431377345617,0,Low Risk,37.8
ZONE_443,681.8347911869582,4,180.14173523355362,4,6,28.063356971614034,0,Low Risk,31.1
ZONE_444,1256.6394374347533,2,336.5749751749828,4,5,40.803966231192476,1,High Risk,58.6
ZONE_445,1431.4231505990163,10,138.3780623909338,7,14,33.96869824723753,2,Medium Risk,64.9
ZONE_446,1481.8013829697322,13,50.36031794597169,5,17,32.80764777398968,2,Medium Risk,63.6
ZONE_447,1179.391640836624,9,105.62839914686478,7,10,34.23798160008561,2,Medium Risk,54.7
ZONE_448,689.1374611901905,13,213.98879586900452,1,19,33.12095130209909,2,Medium Risk,47.8
ZONE_449,308.5509317082694,3,380.50627223524043,2,14,28.615800993208957,0,Low Risk,29.1
ZONE_450,1210.2909907056678,8,85.76776689280165,5,15,47.43066084781177,2,Medium Risk,57.3
ZONE_451,925.9255246565466,12,348.9734210615481,9,6,32.41490976905563,1,High Risk,67.8
ZONE_452,751.4886120210691,9,234.45843367415173,2,9,42.68059525178613,0,Low Risk,49.7
ZONE_453,1378.2607006231567,8,339.0722680299638,5,11,43.251927893883504,1,High Risk,74.2
ZONE_454,344.55672699799675,1,154.4310508464974,5,13,46.58514796014458,0,Low Risk,25.8
ZONE_455,840.4126355781169,7,343.9815076353652,1,4,28.6109891418676,1,High Risk,47.0
ZONE_456,214.7597381976448,7,320.4879730058816,6,17,45.44096676894016,0,Low Risk,42.2
ZONE_457,809.2588345923641,6,130.51878906100188,1,4,38.544523616796006,0,Low Risk,37.3
ZONE_458,273.1942583863886,7,95.96729424328231,5,2,40.650882199316555,0,Low Risk,27.6
ZONE_459,354.4632911484935,13,353.8190128863025,0,4,40.889405542420675,0,Low Risk,49.6
ZONE_460,352.78412081023635,2,387.1328287040462,2,16,44.39595609969455,0,Low Risk,36.9
ZONE_461,1043.9733927508828,12,60.95580981163069,1,18,34.66814644318221,2,Medium Risk,47.7
ZONE_462,1169.8583430450503,5,305.94452344078996,6,18,42.66102379719987,1,High Risk,62.4
ZONE_463,958.3793946263075,0,368.3335788317364,3,11,38.57156219444394,1,High Risk,46.9
ZONE_464,1450.8243130169044,6,350.07603223237453,7,8,43.86788028610695,1,High Risk,75.8
ZONE_465,687.3317533808153,14,387.582165294573,5,0,47.81092065540267,0,Low Risk,70.6
ZONE_466,571.425712166419,14,316.032927453334,9,17,32.01302034807522,2,Medium Risk,59.5
ZONE_467,1329.1788666462983,0,204.8045668333186,3,3,47.892972831199955,1,High Risk,52.2
ZONE_468,490.67459007528845,8,159.18319667329564,4,9,29.79624308565548,0,Low Risk,32.3
ZONE_469,1452.1893012727946,0,162.2599591533446,8,6,28.046350958096276,1,High Risk,48.2
ZONE_470,215.80081709676125,0,303.547935414941,6,0,28.883238723556627,0,Low Risk,21.4
ZONE_471,1460.8424747199308,14,311.04295421083754,9,16,34.835648094735234,1,High Risk,84.6
ZONE_472,256.10788553574895,6,120.12570024204943,8,1,40.65812661356868,0,Low Risk,29.8
ZONE_473,1358.4860478074925,1,353.84298472168587,6,10,29.380590817756993,1,High Risk,56.9
ZONE_474,886.0114418121898,13,300.2234140707867,0,8,28.113316290591346,1,High Risk,54.5
ZONE_475,1490.8542349550905,4,246.96260022018393,7,6,46.7418205691759,1,High Risk,69.0
ZONE_476,295.93553415601855,7,215.03636103587945,3,16,44.4385327187986,0,Low Risk,34.9
ZONE_477,920.010569721717,7,240.13148202648534,2,16,44.183663422780626,2,Medium Risk,52.0
ZONE_478,1460.0932963048288,2,105.73600839774257,6,1,45.68848551003954,1,High Risk,55.3
ZONE_479,880.0271974211935,6,121.29543724669597,2,5,42.00068545544209,0,Low Risk,41.4
ZONE_480,1018.2182295758413,2,81.90757164216708,7,13,30.08808259496163,2,Medium Risk,35.2
ZONE_481,1104.4732956800024,5,103.78031335638943,5,5,35.98200376147446,2,Medium Risk,44.7
ZONE_482,790.9033841981052,5,208.79277211184893,4,1,42.46298972929259,0,Low Risk,44.5
ZONE_483,1015.8255041092825,2,235.62403780488964,3,0,33.606689215830414,1,High Risk,41.7
ZONE_484,959.6086055000303,6,56.25166236741178,7,9,41.74812728272475,2,Medium Risk,44.7
ZONE_485,1371.5054136382857,2,328.87923975240966,7,4,28.489968965353047,1,High Risk,58.1
ZONE_486,259.08029444389524,7,152.95879067021724,0,1,34.12274681759186,0,Low Risk,22.2
ZONE_487,565.2521464698993,9,369.1426122359689,8,15,38.982606725543455,0,Low Risk,56.6
ZONE_488,1435.5349292995263,3,388.6289422648222,4,1,40.64179659012484,1,High Risk,67.9
ZONE_489,1357.3429190581912,14,114.91060613682902,3,9,39.540813289238216,2,Medium Risk,67.0
ZONE_490,792.3537786214268,14,211.7340517679812,5,1,41.95512552146859,0,Low Risk,60.5
ZONE_491,1006.1723771419978,12,50.43114230824906,5,15,28.12177496479678,2,Medium Risk,46.8
ZONE_492,560.5955378754725,0,259.41454279284943,1,15,30.01882399955043,0,Low Risk,23.7
ZONE_493,444.5575076408897,3,262.5572568919349,7,18,45.378885045582905,0,Low Risk,39.4
ZONE_494,802.8079264219768,13,136.6389844611813,6,6,41.63497288180322,2,Medium Risk,55.7
ZONE_495,659.3578964338687,6,245.44443540411928,0,11,30.258632853720226,0,Low Risk,34.7
ZONE_496,958.7529454061337,10,128.93904985530742,4,14,44.84148874797158,2,Medium Risk,54.0
ZONE_497,301.0550280544803,3,106.28891417736652,5,7,32.84462435649134,0,Low Risk,18.4
ZONE_498,1466.7132499660165,12,278.03181338079264,3,5,37.56519768390447,1,High Risk,74.9
ZONE_499,1482.0739678234838,5,164.07391238322623,1,9,30.903930257693204,1,High Risk,51.8
